UHl9czBxblRlYW0gSUROMUknY1Uo,LD17dDAhaTk5OTlKZWJ7Vjkt,P0pIaDMsdU9TQX55UTM8fQ==,WUgnYWReWUxpbnV4flMnPXdXLg==
WkhbSmtUWEZvciBtYXplMDAuanBnL1UyVGRQcA==,KFhoVVJFMjEwMHZcQC5ATyw=
S0dwOHpfWDc1aiotOW5T,Yl02OWxsTDNGZXwzIUx1,W2shczA/djEwajMhRW0kfQ==,Z085IUZRITEwRWR4N2paWA==,Y0FGZyEzQjY8OS98dEI7,MnIxbmI2YjMtZj9rc1As,WCRgUDZtVDEwfjwpalBbdA==,RzZEKE4+fDY5d35XK185,ZSgvQiMkXjNrSlEkXCh1,NX55VyZOaTZyN2w/cjZo
czFqRFFhPTExbFoxJDN8,QCRTPSZNOzEyKmFjPzB+NA==,aSFXKX0rRTMhKGNRWWJo,IzdbOXt5djEwUWtcU1tDXQ==,PS1tQWVDbTEye1JzUigiRg==,W1QqJWxKNTUzMFwpSFN7,cDtiKTpRRjc3eTc5JjpN,InRjQC8wPTl0YDFIXUN7,OEFKJFJTazEyTVYjficzLA==,aDwiRVgmcDVsKGRrZCdY
OltEJE9DeTEke1d8K15H,OWBTKHtkJDE0QTs/IXRFfg==,PGp4VjhifDkhM0Y1O3lN,diQwYzRjbTZRVn5+UD1t,c3RrMmpHQzc6MW9RTGh8,XGxhLF1gRDVYezIqO307,TF0/S2FZZTlJOT0vJn42,dydxQERiLzEwZnhrIn1WOQ==,JCchNEQkKzZJJyxEYDhv,Oj80eH5PJTU2IjlWUnEm
TT16PistXTUvN3VKVWhz,VkhOPFV9dTNMPEV+cyxb,eCI/c3x3VjYqLFhEYylI,eF1WUlVVKzVnfDN7dlxY,P1RKd2ZJITV1OmN8OFx+,YkpmW0JrSTlOYF1LLl5O,NkoqZGJQazY4e1xUWm4+,aXhXbj5fNDN7Pl4/JmpX,bDhUPyROPjEyeWpCcUE/Nw==,STZBUWEuNjVQQmZgWDcu
QjUrIn54WjUmdCh0eSQ9,JitnL2lucjVgWHx3Tic2,LFR8TnVPXjklaEg4RTdX,QjNsdUprbzEyd1I4QWNRKg==,UXM6RlhFbTFMTHRXMFIp,ZXlvb2JdOjE0JH4jdENibg==,T2pBLkg4Nzk5SVBtJnBt,KWg+InhiMzRIZzI+IWZe,dU0lTHVFRTM+fUZTekJa,fUhVRGE9TTQoIklJSlZP
VlQlPl9TazVrNSovLmF3,fE9WSyRlezl+WyEyYDxm,dlppOHYlTjYuZ0Bsa1x5,QmYkfEVSdzdcfVlyWWUk,U2pEYklANjE1cTUhe1Vi,VGY5blhHSTEwImNqJzdHPw==,J1FSY0c4KzEwTGYrfV0iKw==,SXYpPClCZjEyey5vJ2N6Tg==,XmciQmIzXzVLa2MzO2cq,eDcrMTpoQDEzUEYvVVUoIw==
WlVlKiYvJTlENjJWM19j,KncuWV5aSDYzS1QsXFFn,SCpXfnU/bDV6bEJoN1Be,S1psSz48YzFCKyxjNmg+,TUJPZVInYDghU1FCOzA4,WEFzXSFYUDEwOnlxIUdaXQ==,KXIvPClOXjEwVWEhcyVyMg==,ZiJMbHBmJzE0MVIwOTRbRg==,UUxAUyhPKjl6KDNMMDos,Z1dhUSQuRjZPSHxYdnNg
MVhnYTIkJTd3KkpqLlRy,bnNfWVJORjVKZklBbyNp,LidwSEI5JDUzSH51bmlJ,aUFsMUhAazlMd0NEfjlb,LXFKTzo1LjZfViNrZSw6,J20vMyJaJDNIRjYwLD0s,JmBmOCQ1XjZCOzJmYlI2,RVxXRUJfczM/UWd1KE97,O2EtaHFfKjZMPlZdfHxK,cSdROFA3NzU9NSd5KXZr
SWkhelgkaTU/Oms8SzB4,Y1s6XHxpWTVsJUBXZDdm,d1g0L0s6SDk/UTU2L2ws,Ly9ONHJXIzE0OmVKNm1PJQ==,eDBaSiw4SDEzN3JNZyRUTw==,P3wqUUpMWDViN0crOXhj,Mnl8NFhENDksYENHYWd+,d1BnbXpWSjEyKSJmR0BzUg==,eCN0UHxYSzVyaGpYSVhm,YF9CRjRkVDVoLWN9LT5k
KTRMdFclUzk5ZXpCJnE4,ZiRgM0ZQaDg2OEQjSXBF,S3BsPlRDLTEwQiE7REAlZw==,SDc6TyNnJzEwNmhCOlBqWw==,KEFgQ0lPUjEwIV9tNS50cQ==,UkhfZ2NMZTEyXEFbJSYxJw==,XS5tQmF3NzExNFdxeHBuQQ==,NHtBe3xHeTEwXmNPeCUmKw==,eXh1cko+bjhufFZkLEVh,bjs/J0A8dDEyJjNJb31LOw==
NWhvPDN5dUZvciBtYXplMDEuanBnSX56VlNAbw==,VThfT0p1fjEwMDhILSg6W18=
WC41MXY8fDdCfl8yPXpk,M2xfNlIjWjExcHRfKSRaYw==,I1UhNlQzdTI7L3VeSnt3,alYnJlV0UTJtPkV5USw1,dG5uelhTTzZwLERcZlNs,eUk/W0tXJTdXRC5kXjYj,QU0xa1xVTzMkRzBed2RH,Wl09a01lNTE0Jy0lZnpmYQ==,dGBLcSdsczdNSkhTYlFs,UjN7ZkxRZTc3ckQ4KStf
WzI6Slo2MTlIIWFQZi5G,bkhqaGN0KjEwOE0yIWRLYQ==,ISgicydALTQ+RiQlJj8o,MTBoIkY3ajEzVXhyK3JqPg==,V0tCPjY4ezEzUCc7enFQRA==,XFErOXFjIjl0LV9wWlFY,OlJiK0JaajBGe09kVklH,ZjUqMCgkYDEwaTpRfSs3dQ==,XCR8VElAdjAyWT5bWDMs,KloyX3wtazRmZklbOitp
UXgpOTA1ezNOMl0rLT8o,TEFDKG1XWjE0V1tXU2d5XQ==,VEBeaFh1aDFkJm1qUTUz,QzZLfjMxTDJOX1VvKDB2,ODs7JzBvfDE0ZS8hdVBMPw==,QVkxdj1hVDExO0pfPD9PPA==,N3xwPzJcLDBtakVgW1BK,K3gyTG0jRTE0JmtuZFs3Ug==,LEBUO2ptYzEzISUySnVFOg==,dUg4KyZzXDEzN0hMRnRBcg==
Vi9+aShLMjEiVzxnIiR5,andRXzhqbjJiOl8/cSMz,SlRqS0ZRNTEyKlNtZ0BtVg==,eF1KJ3EnZzEzOXIuTDVvRg==,NidlSWNKezExTlQ+ZUcqPg==,dHR9L01OQzJ9V2xTdFMv,Mn1feWEqLzEyNlh8bSs0SA==,ZyErLmEtKjd+O1oqQF83,SmJkRC5vQDdBOTFIO0Jo,RmtnRXQqJDdJSUIjZWZd
WHp9YyxOUDVRRWF7JnVI,WEx1aUBDfjFAfmtWbFQp,bEw1WjRXMzE0bSVuZD5VSw==,QU88SWs+Tjdaa0hNR0ha,ej40fUBLMDN1ViZdKyoo,QlhaRnxaRzhzUVF4PkBB,PGhmVjB+VjEwMjNCO0BGeQ==,SjRANjx5bThnKlhJPlEl,I1J9cmJdLjhgZ0I7LERx,UT0jb0pITDRtPjBieVlM
fUdXYUdmQDVoWGh4Jysl,XmxJdmFNbDEzZzY1VmJgRA==,aT1kZE1bezdcRjRBV0A7,b2ZtcC9WYjE3NTJ9Lnhm,QCp2aG5xNjEyJCRxSHcpJQ==,clwnSDM7PDM+cGNOW1xw,LHZnd01OdTEwXCVmcHEqKg==,Jzw8TGVwLDE0QjsvaWczOQ==,PjRZQXlPRDExOzBBeWdDXw==,RHxcbVApRTEybSNsXz1WKw==
VSotXFphcDUoSHl7VFlC,elRPQEdcOzd0WD19M2VY,S0wwRUBZIzE4dTFMfi18,I3Q8QlRlQDgpbUl4WXl3,TXBKcys6WzIkT3VbIURl,e3NHdjo/OzhXV3hXbU9n,WVVVNls2ajJ2US92XyVR,amY+dzs4TzE0eiRPSCQ4Rw==,K0NaQSRwcDcvT2ovX3xm,UygjMVBrMjdQJCY/KVE8
dmJsWGBsNTlAZT56fWo2,aXQnektKYjhoKEwjelky,XFxtPkBPJTRufUVAZ2dG,L2B3LjlQejcwdy1yQVUp,RTooW29EQTEzSVFXZyxtZw==,WjJNVWA+RTdiKHlWKGxm,X15NYS5dZjEzUm9tfEcxQg==,ISc3Q3ElIjc1d1cmZUk5,UmlDXj0oXzFjZywmXHkr,cE4nVSZqXTEyb254OkYtdw==
Ii1uUjdcdzExTylLd0g2IQ==,K0FXTkNeRzZ4XyluZFlk,NEZ+Pn4+bDFyRkxJZk5x,UXAkWk9SIjgtTFkoeTJL,YXo3MTVUTDEwT01JX2leYQ==,ZS5kV1ZzSzB3bUtZbF5i,ZD1QMTNGIzIyTiQ6WEIh,VC1pNHQhLDAqbl8mNmtf,OmhSNitHRDhPNzw4blNW,W31qcSVWbDE0U0hqY0BFdQ==
cDNfOiRLbzExK2h2TjR8Kg==,fCtKezM9MTgxS353Mz9E,JVt9N0A8QzhSay5MdyMh,W1RfJm5IRDEwcSsyMVwqcw==,IyRfMFhoWzE0NmA7UkA/SQ==,TEIyMGUwXzEzQUp3WmNEUA==,TTYrXjhidTEzLCh2Zlx9SQ==,eG9+VT9uTzlPIUVzLio7,JSpCX1M8PjEwaiNJIl5USg==,U1F0ciV6SDE0RUVXSj86Qw==
UkpsIT06Y0ZvciBtYXplMDIuanBnUlBdJHpwYA==,YWdJeTFWcjEwMDM6ISY5QDI=
XEtpUyQ+QDdQTGUja2V9,MXguQDtqPzdQMFFELksi,O3VkI3VYKjExdUkjI0VgXw==,Ul9WfDA+MTZ1QS5FO2dh,LX5QNV98ezMqPV8yWE9B,WXlmJT5eLDEwfl9ZTiJjcA==,YWZjTzAyTTZdTHEqMWRf,XlV0Q0xpWDcocU5idmBs,Yj10R05hLTNAWlBkQDZv,VkplKFw8ZTE0d3soKWYxWA==
PEclOXpeZTU4SGcvfDF7,KDB4M3dIVjUuJTwsOGYy,J0QzJ0c+SzExJm1seTEyYg==,Tys4OmYyPzhNeDZhb0c1,eFxQOmFpWTBpWFdiJ0M2,NF13WC9pWjE0JThlI0UzPw==,PDhzSWQmPTlJaUQ7czFK,cEtxejw1aDhRfkNCTU4q,OkRnMD9NUTBpYXxmJjZQ,SipkaSU2YDE0fmg7MUpFSg==
bF4uUitCTzFDSzE+W3tC,eT4qLjJgOzBEU3k+el1m,Ym9vRHoraDEweG1leyFOeQ==,Uz8xenVeRzE0WzAsZHBqMg==,SjJFTlQ8ZzEzWDQ+a2U4PA==,cEhUbkJVfDExZ0hnUUhYOA==,RCY3eUQmNTZbPzUlKy1I,aCczUkV7VDNyTSlcUCUv,SXB9XFJ0YzglbG5APzZp,YGBkSU9HUDE0PXpeemliOQ==
T0AjKkdRdjEzfDdKIiRVOQ==,ZyMqcW80VjVJO1BfcFIx,Qj0oV2RKITExKkAjOXNHYg==,KSdKPic9LjJhRWIlaGNQ,Zk9yIl5fcDE0N1NUOiZOXQ==,a3xlPE9JKDN5eHokKj1+,PX4yPzp1ZjhoTUdkZHJh,NShaSDxgUjAxS3csOjNm,NGQ6RD1PJzEwTiYqMjRsaA==,RD4zYyFAKDYkMHdHMSI9
U1UvNGxnOzNifU9jLi4w,TSV7WFQhUDBCOH46Pjhw,JztzTWgxVDI8eDBgQndz,KTREM19EezhLVDBGTmtA,JUI1P3gjUzJ6ZWMhYFNx,Lzl6Pko2QDEyR05OJjpcSQ==,dE5VfD9DcTExU0d3UkEwfg==,eUs0L15WbzBxO35+d3pp,fWR0ZkEzezE0RnNDJHgkOA==,cUEhXTYlQzEzbGYyO3VuYg==
PWQkZ2x0VDVecVloRn0z,VThFby4qTzVLPzQ+c1Vq,O3t1XmglczVeczRybFhT,VFJrUCV7djExaV0kKn55aQ==,Ti4xYCRhXThwZTsyJSZh,X2Zhc0VgTzE0Z11TaCxcWQ==,ZSJNQlctKzExKW84e3s9cw==,WH1ud3EqdTRDLD9gL0I/,Mig5KEJjPDN8ISd7dltR,fnY4aDhvRTE0ZXEqUVEuZQ==
aWozb1d8NzUjN0l2aEVy,cmhuVFYzNDUvQiZuVXB4,Y1omQn4tSTVKdzcpVzBr,WltQTjxrYjExJzY1bzBoIw==,VTlVKi11VDEwLTc+YlM2dQ==,TG4xdztcODIiU2dnPCgo,Y2tweTJUUjJrZCs2TClz,R1U9ang3ITgjQV0uT2lp,On5lKUJ0OTh2V3NpT0Z+,MVNBfjsqTzZVdXBhM1V5
aGg7fHowNDV+d0VrVyco,KVE2QGMjVzEzRnB9Xm9OVQ==,SmlQKEdqXDEzZyxXOEgm,OUlGSSdyaDYuPWR1Vl86,Z1gmKG96RzExWCk5ZFxMLw==,TjdjUnY7TDEyRSZlISJtTw==,LCsxb2NlRTEoRm1Cc3xO,dGAscUhLODZLeE05J3tF,SFk2LS0+OzNvYksiZFpx,IVMqdyFKaDEyXGZjXjxZSA==
MShROFk9QzFdNlMoQ1Mv,Ym5Gb0tkWTZZTiI4bzBl,aSVmTXBucTEzRHoma2dgVA==,Km1GSiM1KzVPeHpgZ0k+,UiQnPj5XZjNbKDZlZ2Q1,MTg+Wz5aLDEwLXFuXWR3cA==,TTszRWBVPTR4SlMlPUti,O01NQSpsfTVLe1B2LzBD,ZS5SVGFbTDE1TFA4aU8n,YWp6QXEiLzY0SEFONX1P
PlxvSlR8LjEzJFx7J3cwbA==,LWs1bS1hNDl9bjlneVow,TUQhcEM6RzE0JlciI35EKQ==,Pm4/bzlYLzEzVSdXWDs+Zg==,fVZ5KjkmWTEzaDMzUlZwPw==,d15HY0JoJzExT28sLXJyaQ==,OUo4LnQjMTEyZ3YsImdUJA==,J00sRjBEJTEzaktyKTNRUQ==,WnNrb1EwQjEzXVNsZVRtPg==,d3QlQVhBWzEzOyVdVWx7Iw==
PSx8LjREVEZvciBtYXplMDMuanBnQlknIUc/cA==,JWJ0NSFTLzEwMDctfUFKMzQ=
K3BmLFs7UzdRJyYybCs2,L2w+NGFBSTExdWonN1JvaQ==,PGh4eDBUZTJ0KCEpN15w,ajRbe3ptSjE0X28ydFNoJQ==,WlQ3JlE2LjMlbFZSSnot,YFgnIydNdzE0NlhIc2QzSQ==,RUVuL2VzJjNvSz5SRjZz,NzhYWVZOYjJHfFt5JzY3,WnojZkdVZTJMS2xEV3Rw,dy5qbEFTWjYsflltdkRv
Uj40KHRTNTVLJnh2M0A0,a00vcixcWTExXSl3dFUhLQ==,PTAtMStPTjBXMlJ3IUNV,M1AsZjlZczJbJ0h+aHUv,YCYyPDE2JDh1NWdUIlB1,IyVWbXNRKDJVekgrJyot,X3p9XGZ7MzQzI0BgWGpH,YVpYeUB3YzEzJm5USk9Nbw==,ZSo+bEh9SDEzamJNViVqcA==,Mk0+dzQrajVmYiJjMWIy
RElEOSpVUTFdNDd0NTJu,MzM0KjNRbjEwKVFPRThtfg==,fGBuPU0mRDEyY2NucCsldw==,Vyp6cUByYDEzNFVrLkBnaw==,KWNVI1Q2KDExSFlTciQmTA==,QWQnNmNSRzEyLHhoSUhkJA==,JTEsdC5aMDlBNH5tX0BT,RiVKZmQxeTIkPVB5Oisw,Pl8rOC9VbTE0X0dFW10naw==,T15zJTVfKjU6eGtwXCtI
VGF7WEo+JTEzS31haSIzIg==,Nnh4V3V5JjExbVwxJnxvbw==,WmUwWE9abjZyTV5SKUMy,TW8sQG8yajNRdXhIM0ps,dkU0bzxafjI2SkgsVFhz,aWJhSU0zZTEwYmlcODJcPA==,bXQpSU9UYzEwJSQ2ekQ9dw==,VGdfKXRSMTB7TTE3Kkch,RnBobzhScDE0dScnNXxpfQ==,fCpRXFhGUDVWMkMmPzM9
XHkwalVoIzM0cGlQSFwn,VXVObUM4YzEwK3tATEp+Kg==,KCZCPTRSTDhDZF5he2dg,XG4nSWNnQjQ8XlpjczlX,RWdiSV5DKzEzMGhKNSk3YQ==,Vy8hYCdZLTNGfU1rZWBo,VEZocihrLDEwS0J7XTlXPQ==,SzZaTUhLTDBYJTdwI2gj,KmBrOChecDE0b35WNGdKJg==,Z2IzVzI5XDVlSWAjQn0u
JyEyKHp9UzEzeX1sRXgtLg==,RSFtb0dkczExdChxK2c1KQ==,ZUR6UChnZDEwOTJ9Sit1WQ==,VkJzck9LejQ4eEdzIjV1,LHdySHdpfDNqZmZzTjEo,a1doO1xjOjEyPlh1MksmSw==,VWhVLSkrKjExS0w2ZGF7ZQ==,ck9LeVk0XjB+a2tQWFlj,Ink1bXgjTjE0QCVIJzAjeA==,OEREMk8qPTVfOT4xNyNg
KVNWQmNvXTExO0s6TDNEKA==,WSwibyYkNTEwcGsqJCZ5Kw==,TGt+WmVaSTJEK21fYzol,WjQhZiFocDRFWFhvaSFz,JX4vVydQbDVwLnVvJytr,YV1tNVhhJDdtRCR1M0Ur,Rm9qUV1uYTddJ14zfiw0,LWhkdk5YNzFHPzRxJ1JC,OnonKCNSQjZ6ZTM/Ol14,fig/OlA4eTEzSD9UQD04Nw==
OHpsUSZ2aDNhOGE9NkZM,e0A4MEMhRjIoaVokc1gr,Y1xyQScvITReUUpYbl9b,MjE/ZmsrJDEzbkN6Q2JDZQ==,MDdCa11LLzEzbDkqXX5CPA==,L3VxMEsnQjF+OWhlQ14o,ak0/M2UyUDB5NiJrQDhr,NTJqPnozUzQ6d3w2d190,NmdKRSRtSDlsTFZiNlkm,NGkrLiJLbzZvdnAtOXtd
Ik1sT298cTEzal16T1pTRw==,KC4xMDRTYTU/NixpXkxn,eDVEUSM2MDEzYmNkeFF1UQ==,RztVRHczbzExIis8OnNxUw==,K041TU56QTEwLy5ATVtQSw==,NnMtXzVkTjEyXyslMC1JMw==,YDtbKy15UTVlXFA3KjRu,Mi06OzIhLzUiPGljfD1+,cUw8OjwlJjExXVBzd0k1Lg==,WHUjPjRyfjRadnpVUFhs
N1cxXyFvaTExIUE9Xz82TQ==,OF4xKExhJjEyUWlTSWNrUQ==,aE58LEcycTExM3FyeiktSQ==,cC5ienVhMzEwPylvfitILQ==,TUkhaDcuPTEwPU9pd0AmRA==,VDRDanokbzEwJSgoLCEndA==,MEt3UzEqeTEyZEApMHUrSg==,blY5U04vKzEzcysqdWRZSg==,VllKUVN1aDExNVk7UyFyPw==,T08/MXlOdjEyczslbEE/Yg==
eyQhI1hMbkZvciBtYXplMDQuanBnYUdMWFQxZg==,OFZ1eXYxajEwME1BYCZyL3A=
bUJ7TlRgQTclbVQ4Xjo2,TkM9elMyXzExUSFbZFdQJg==,Tjs6SjR2LTJNQU4jK2Fy,TiZ6RlRwMzEwKnwkZ3l8Zw==,NH5sKkVPMjEwUW8zaXZQIw==,aVhybmBIajEwYig9fU88Ug==,NVc9PXhDPzZ6NSFeQ2w0,dzg9bjEtPTNga3VPT2FX,K3dCK0ZvVjE0OC0/KjJgVg==,R00rdyN8XzczUHQ9czBi
XFh6RHFmMzVcfShqe19F,UjVURGlCJzcpNmc5OVF6,W2J0QDtEVDEzXC5laXdVSw==,dSVXWmZSfTc6N1p+SVpn,TklIMlN5UTdUPlBzMDpo,QEpMZkx7ODExVm5nSEkmew==,XVJBeWEpMDBudFY0SW59,RGdJei05azRja1xgel9S,Y0p4PzNZRjNIeGJyLVha,ODVtbW9LWDEyezVFUzs4dQ==
RX1XKUA9XzE5ZENDMno4,Mnw5fX42PjEyLj52bXRCXw==,KUsxR1tGRTdgM15TT11F,dVYiUl83YzltfSpKS1I5,UCx3TSJ3QjQxMmhrdjhJ,Wl9zNUF+Qzd6dic/PTdY,KSo+K2J2ITEzezkuLipJMg==,KCZ+X2crQjVgXFo5PlI5,Myl+U2s0ZjFDfm88PmBc,K2V4KWYhVDE0NGNDb15cag==
TFh9YSx7ZzFufCw/IjUs,TjQ3Z2BcOjE0ImZvazlyQw==,WEJ+MD5dVDE1ImE/VEVA,a1IxNkBqcTY1RDJAeVE/,Y0o3WjlwfTFHKjUsXWw5,MTJCUytNKzQra3ZgQmFS,eVtKJD01cTc/NjEqfGMh,Uj99V0wmeDVBLjZzSW5N,VVxbZSdmNDVFMT97RWRi,YSFsMDtbejd7fU1nWlxy
VyNwREEpKjFaWmk3Lm5d,J0kiLScuYzE0eyNydWgqYA==,czwkYnx7djEzbVg7UypKOg==,ZUt1Lm9bIzUvfFloN0cp,QXpFQnxiPzEzcCd3QzIpRQ==,aj1VfjQ3VzldX0dTIjhP,KGBZLDZkNTBFXU5OZksl,R0ZmYzxMZDghTH1jOVMn,cyNbMG5HbjgkfjtEI2A5,UDJKWmolUDEyaztSUmVEeg==
SGx6XyVpazkxdklcUko7,REdRbTVqeDEwdn1rI3cuQQ==,QGwpKUt6fTZxVGdEN2tD,Q1dtcDdKOTkkJ0tJem1I,azctXmQlNDEwe29VVjFxWg==,T2ZtcFRTOTJYbFgrKmN3,N0tFJEJ0IThIaiJddFhP,RTVqX3RmejJTcW4jQEdU,U3B3OEkhLzEwNC9GeFNBYw==,R1ZwZVN3YjE0QlZgKT4qLQ==
XWg9T0F1cTckITohVC1A,dmcqJER6bjMnJiFRVnxZ,TiJ0Rj50MjR7enckTVMz,ZERfTUc0LDddWSc+enkx,d0glPmRbSDExYF5gNiFTdg==,dVRgVWdDQTEyazYvQXUzbQ==,fXVldnZmeDcuIUgtajdI,XDF1NU8tfjF6Nl4/LWcl,UnpkflZtTDEwOD40aSgiRw==,IzdmQSxETDE0KXRwenVeYQ==
cEZkeF1bMjlpemhjWjFq,cXFpKkdMRzRHP3FVcHxG,JHo4eFVKXDEzM0ZSUjlIVg==,Omw+RHNRQzlSMFVJKSJF,cX1MdTZrdjEwai1cakJXMw==,Y1FsMl0sbDIuT3s0MyQ6,NFVDJls5fThybElGYEdZ,JSlvMilhdDBIfE1uNEle,akxOLyIuXTI2UHc1OCt7,MTZTQEdRTjE0IXNDdmc4Ig==
cyYjR2lQRjM4TVJGTHQ+,X3k4Umh7czBlTEgtKHdw,Iy5SJlE3QjEwLTtsaFkkUw==,MXhVa0g0SjZwQjN0Nkoy,IjgraC0jYzExN2w/Lz9qSg==,XFBVOztGbjQoOyhSW2oj,NTN3YDgmVjExQnx2QHVgcg==,fDlkNGNYNjEyTXw8K21cYw==,IjdxfXshKDEuXjZWdSwp,I0RrNWh2OjE0K25dS2NIVQ==
akZmJ05xUzEzaEozaSp3SQ==,fCdMbW0wbzEzLFdLRjclVQ==,dnkreSNVITExaHhoRypAOQ==,U1dzPH1HLjhsME5pTW9g,M3B7TWpRRzEwZS0lc3Z4fg==,ezo/RkdMQjgoWztIU1Y8,OXdoLjB5cDEwaENdbipfSg==,WTxHQD8vVjE0bkZrdE8iTw==,KkpnPS8iRjk5P314ZmpS,W2M7WSFIIjE0e296Q3hyeQ==
QWREQ19EdEZvciBtYXplMDUuanBneSU4K3w0MQ==,e0k0ZW9RJDEwMD9nO2FdNiE=
J1YvWCU3Ijc4MExwOGtt,XGtvVS5EUDN+OjpEYDg2,V0ovXDxRezEwZElQRndeZA==,TUpdPVgmbzE0cl1+YXghSA==,LHRuU0AxTjNrPSNqIltK,V3JSLWEvWTJ+JW1WNnxs,aSNXRzEmOTEwalMzIXNfcA==,cCNxfkVvYTE0LF1ObHxIKQ==,PGEwckBwSjExa0UlYUE6aw==,dloud00uTjZyNj1HSnps
OTNfcEAwJTV5bH0yOWMj,YFxQUCIlMjE1WmY3QTsi,W3hTKTByRDE0bSJlR0tCRw==,bCkhU15GQjExUURMMUAtXw==,Sj86JW5TLjQvXydSbSwo,V152ay4/TDlIeDQ/fUEt,InlCQEZ2UjZlRmlKI195,Xl5OJ0hLeDExRWYoQmw/Ug==,VycrX3ZFazEwKGFZcDwkVA==,VUEyd2k8NjR8RFI7cVc8
LjN0c1dJaTFwPEcpbEp7,PVUoSGVUbjAyTEx1WHlf,PHBBODdAVTIzY3teQCNx,b1JgPTMtbDE0fSZ4e3cmQA==,WSQ0J1tKLTEzQlVcKzEqSA==,QWJhbGgiNzExSS1OXCgyTg==,S3Z9K0M4MDBJM1czNDFr,XCdrb2Z2QjE0SHA0fClDXg==,LEJQZzxKLjNuU0hnWFha,cVtHRSVwWDEyZ1RkanlTSQ==
fVJSfFZLJzVGZXY+XHlw,IUNoZWI1IjEzKGNHUnUzbA==,YiQ7LnhCTTk9bU1eNWx6,THklKDd3MTI7PGxVTlsh,c0hheHk3RDEwVV47R3kleg==,MFcpKHgqPjEwSmNwL1x1cg==,UH49NDBkXDRNdGxdZTUj,NDd+NnAicTdOSXQxX1BN,MDEvbiomazVZUTptM0oj,dX1CQU8sNjdVO0E+LCE5
a1pzcmdXaDlJIlRtVDVe,VE4lQi1XTjE0cnI9UlVVVQ==,OSROWkBqZjExWSNqZjc+eg==,dFh7a1pJWjEycldneWRjdg==,LzhYcHlKJzNLfmtvbydH,MWEvPkF9ZTEwWUoiUCxZXg==,O2NRJy5bbTgrYEtrU1h8,UW9oWGRsUTBoXzRxJUFB,eSkuX31vMzhDbllrMTM3,amFXLmtdXjEyUTF9YDV8Rg==
MWxaNyxFaTExMTNLd3tcPQ==,L0haVUh1WDY8fiN2aDs9,L3FOUlo3OTExTW8pSExmdA==,XH57I1xNJTEwKV5TMCs7VA==,fWdSZGMyVTEySEBuVHV+Qw==,Y2txODtKOzcndklZZEVh,a00wZmEnYzExdWZmVHNWVQ==,UUQxYl04PDR1XmNcbDF7,SidbYyRQSTNALzlsYjV4,bTJNQCYzezE0cCx5dGw7Xg==
TlV6MDVydzExWmFEKS9fMw==,bz9nVmRVPTBKXygkaStk,K24ieUJeWDEwYyEvTn4oLw==,RlV3fmo+ZTEwNy00LEsqcg==,bilTZ1U7VTZyP3NALTRG,Im9oKGlyWzEhV3UmZnEq,JnJGQEc0NDJ1eDtnQXxc,N1J4d1N8RTB9PDNEYnU6,RikhXWEmIjBHOnVfbkpw,OklLfjRWZjE0cDQ4MlEuQA==
QndlZlYwYTExXDQib0g+LQ==,JjJOQVNDUjEyaiNhXnVXJw==,LWZMJG9dYTExVSFTRl5YNA==,VUlwI3ROezJdVl9DR2tQ,bUJjQ11pPjBkPVd0K1xs,b34teEdTRDR6VkNFKUtT,XzZ4QUthODVgUWwyfnMl,XWB4c2NjWDEzMGhUIy50YQ==,TU02TmZLLDk6IXc6RFxK,K2tGZWE+TzZMTS06WW4u
QmxgJ0ZaXjExQFBbJ0RQPg==,b0lNWHpPOTEwOVViIjdiVA==,Tnx2O2NyPzI9YSg3PS5w,TCxzUW8iLTRbMU5xZTsl,TTdEaF50TTEzUUtNUzB0PA==,V10iaFV5YjU7J19HJ2lg,NTtsPU84QjFZXTU5elx1,d3xgI3UvOzI3TFdMfjtv,XXJCeyMhNTZ4XDpzUCxA,QS5EMyVyXDUuPiclfnRy
LDtAXlpWPjExOCZRbnM3bQ==,I2I7N3ZKXTEwYWgnYlw1bQ==,XCFWWUBLYjEyTEk+bWhSXw==,ITdXJldQWjEzdzZUZHp0eQ==,IjhGW1UwZzExRDhyQWBmJg==,JCUiMUFqJzEyQyJ+OTxgXg==,W0xNbl13LjEzYVZTRWVnYA==,Wz5dZ2N7UTEzcEw1NkIhVg==,N1o1WHJnJDEzOj1nLzxZLQ==,PC9qYmZDQjEzcmg8VlBULA==
dXlFPV5kcUZvciBtYXplMDYuanBnM1RNODZMNA==,aF9rNFdiUzEwMDkqX0InTlI=
TG8yV0QydjcvTTA8Vy9a,ZV9Hcn5MXjNEOml9PzFE,Oj9eXmlxdzZ+en5SOHU7,b1NtT0dcWjMxbXdxa0Yp,TWIwZD5vMzYuYWRlJCF0,KEA7ST91bzNIXkkjUTtG,en1OJXJwRjEwKF8ncixRVQ==,fkxbSVdzUzInWyVqJ1hR,dTB4XDJrIzEwaEpDOElPLQ==,TjdJISspJjYoPV5BJFdv
TiRfLTFyczFce2RrakRr,YSMifXxxIjEyJjhZUURBWQ==,TThLM1VyTzljP3lzTjst,JT5iQCljcjEyJytCWD4oWA==,PVRGaFB1cjl9cUQkQyEk,O1UpViRAJjEybVs5c1psQw==,XEsqLFpoczNVRUJgW3A9,PmMyNGFmUTEybUstKSlgTA==,TlQ6KS9Ncjd6UFFbZyta,XklHRFh7RTVpd0h0Y2B2
WXMzOyduPTlrQSh1I1JB,KSxVckpeRzEwL3I+c1AzaA==,JWJZa1ZaZjEwbUFaODMmXg==,S2xuMkNJdDZjJCtaXD0l,azs5XiUzPzdaZEdAcW9Y,e2U6cVhVbTNlY0xwckk5,e1woUlxgKzEyI0hkUi8tYw==,dz1NP1VGYjExInNiaG5rTw==,VWM/YFhDIjQlfmM2YUp6,LyFaRzFqeTUpIU53UTl9
Vy8qcXRwbTMtJ0lwJERt,ODQwPWdLWDZ2bCp+eHE8,QUQjJU4iYDNraE55VyVt,LHxnM0hAQzEyUERVajl0UQ==,ZHUzWHpAUTVBLGQnS3o0,MFJxaj86KDleTCE4Yz51,PmBNY35kVTEwXl50ZllAYg==,WTYwaUJLXzZUbGA2NHw/,O01JQUJ9ejU1WU57Xjl1,d1RmUWlydTUiP0ImbGRs
JHYnMi5rVDUjR2oueXE/,QCEkeDlOZTlWPXtGaVBB,J0UwP1N4KjhxSCFiWC51,djxnVHMmOTE0NSE+OCcxUg==,YEtpVlJlUDFKKTA1QCFE,OXtlaWl7LjJQckItWnI5,N3R4e2F+bDE0d31HcHFPTQ==,NCVBJy4mPzUhXF5HKlZr,eWV6IXF2aTFkbGZ3bE5D,Pz9FNiw7PjEySnxEMmxsNg==
TWBGdTNjNzU+cU92bkEs,JGxebmM2MTExXk9bajxtQQ==,bTR2WG9gdTI9XCpuN2ph,eFxab1ctMzIidiNfT1R6,PTAqYlN1WzEyTzE0WHYhKA==,NmZHX0dPaTVCQHU1UWMy,a1YpL3lVNjN8bnQiRyNR,JTotIU8tUjEyKGgnWD87Sg==,dihwX2k1RTVPPm1mIzYi,Xl86YntmTTd3O1BLTTg+
Qj1BQn5zJjlidCxnSU5Z,MksuS1NCTDY9SWNmc3xX,UWtYUG1RQTU+bi8kdTYr,I21NbzVyNzVYPkpMRHtv,e3svTk49djExNHE9L1lrSA==,bFl5bF40PzRueUs2QG4o,NklUU1RQazl6bS8pTVpx,I3FbTSMkOTZZRix9M0JH,SzZJSCVIXzl9clBkS1R1,WDlsQlJPODQ3SFpmeDU/
em5weVBkSjNtTzlkJ09Y,Y0p9dkkhLzEyaTYwbnE3RA==,RFxZdWJ7dTEzQ1ZBcnNuVA==,fU48RXx+PDlxR3BUK2F7,OTVAP3J8LTZzZX1cXkI/,MUBNMk95MTlOXzl2LyEu,V1Z+NktJKTZLbWhtbisy,KjV4M1RebDV6OTU/b3px,Ry13ViY9NTdZRng2IV57,S30sZ0ZxbjVTbl1fMiU9
azVAdyUxeDV4TzBUey9f,OFhifWo+YTMhMWcoTVd7,cmA5emwvUjEwJ2FBcC80ZQ==,M0VIOi9qIjZjUilZbn4p,a3QiOkkuXDUvbmJQKVBC,NVBVSmpwSTExNEdeMEk2cA==,XEBQfGJ5djEyXTxPTTp0Mw==,dHdCWkRsZTVMTiE/JzQp,XnZVOk5CLjUrMGEpenl3,bEBsaSEpJTVJPXVrYjNx
PC8pcWgsKjl3NWR4aVM7,d01rV3BpLTEya051O0VQew==,a1wkYjZoLTExR2tRNCNsNA==,L29edyFpTDgwS2REaT1v,ZlFGRnhMTDEye3RSP2p1Yg==,dD5UPG93QDExbnN8bkhYQA==,dGsnYUJ6PDEwRFY1WjM0JQ==,QXV4QzYrYTEyOlAxMGplcA==,WUtsbXd4KDk7T0lHMi8l,V3p4YTgpOzEySFZwNlhnLQ==
MiF5fjx2VUZvciBtYXplMDcuanBnJHlTaTJjVg==,dHYxTWBmXzEwMD1ZOktvU20=
XVZAUFBSKjM1P148Rkgm,TEQiPHgnJTE0XUFzaC9VQw==,PiJ+c3spJzN9P2Uhcz86,P0tXOWJTRzEwaXFObjRRbw==,QS5UMkJtXzEwVi1lU3FHRw==,Pj0xW3drYTEwVTNQZkItXA==,WXlvIVBZSTEwalhWSVMlIQ==,fVJHPkFJXjJNPnd5cCU1,MSU1Xy5hezEwYGJXcVxRUg==,b01EOU0/PTZQbnpHPC98
JzIsYiZdSjVWQmw0JWI3,KSlGT0RrPjNlXldsUyxv,ai8qMjA0PjEydEBTWC5GOQ==,P3IpVHh7dzExLS9bdlwraw==,KkRpYTE7OTY4L09AbU1s,aHdFbCxGLzMmR2pqZH4j,W0AqXyVmXTYjbCRvZiR9,WHNrbyE8UDEzQGAjRVlJXw==,aVslTn1nTjNjIz15dldd,JVBeZWBEcDRgWVVbMWdb
ITUyI0k/bDVrVlUmQHRs,NEExWSNyTzlVRz9MRXds,QUFoNGVCPDJUZEhRYzU6,cFgkLUswJjEwb15zMHx2Vg==,XksvLl5yVzEyZHczMyhQNA==,YSRiZCZPITVgaWktSj19,cSorXyEncDlUc3MuajBc,UUpPR2pkJzZRbmxhMkhE,e011ZnJPeTVbOUElbHNB,LFR9TzpEeTEzMmJqM0BXOQ==
c081azchUzFZdzdmUHQs,aiE/KGRxITE0QnAkTXhNPQ==,O2YqckB+YzVybURBd2Jv,P0daZ35eMDNWdTFEQGwo,Q1VMXFxhcjZRKEd9IkYr,aEp2anxYYzlhJjpZNkZw,PHoyQ0NBJjZXWD49VFlQ,T2VEIURldzU+b2lnRHI4,RjNvTDNQNDlCYy0vY1RA,bklpSCxxfDYwOlZfWWdT
WEo/eTlbVjlJPko9cjMu,PihueVV6LjEwbjpeXipELg==,JiUvTChhTjEyVk1UKkZuUA==,dz0lIjsoaDViVS1rNGRV,SFBzSyIwXDk1UFRZNCc/,KWomOSc2WzEwZXkqST9jIw==,SjJsP2NMdTEyXS5TOGBKbg==,SiRqaE1AQTVyai44SEcq,MWNDW1slezM6U01KNXVl,fmFZRHx6VzEyfD5QTTY7bw==
IVF7VmwnbTNTaW9QdjE3,J0ZjMSkvezEwcCNJaiVnQw==,XElVXFcjejYwKkU1USol,Ki9WQE8/RzVPcmEvZy0y,eD8sRFs6QjdBYVR2QV9c,OnVIW11XYzMlczVEOXY3,ZGRXQVNAczEwdzZvZSorNw==,RmA3ITshVzEyRlg6d0tWPw==,aUtVT31uMDlINW4nLn1H,RUFYRi1OQTZzVXQhMVg2
VmlrQ1J2bzU/TzdOKDF3,TnR4aFFgfjExQiYvVypreQ==,b0NIRUJzKThdMWVpM3JV,TnUjPzJeczEyWiRnQDZcYw==,YSYydyZGJDU+UH59NjYm,QUMmOypkXzUlfXdlWjEh,YCojWkZyTjNDSTI+eUhX,eiNDY3NqMzY5Jk5TRC15,dl4uL25TVTM6VFN1XEoz,MWY/fHg4dTEyYz0sbjhKMg==
V20hMC9ZNDVnYTM/Y2dk,fHgnbWMrNjdlXERwdDcr,I1x+TlglajNeLiV7K1cp,KClHfl42SzEwcVNXRUV8dg==,VkUwN188QDQ7UzRnIk5l,antdc3pkZTVIejtEK0RW,dzdxRWcpTzVPZCgqcyJL,dHNQV3g1ITU2Uz9AQ0lZ,P1puN1x2MjlDd3VWXkFW,e3hvUElNUjZLdGA1RUUq
QT02SlNoRDUqW0FwcS8u,RkQ7cXlRQDUsJmM9I0RF,eGYuLD1tejkuZCpTKDo8,MWxbSjdvbzY+SndWPSQ8,bStqOmMyejUifj1oeilp,Mmd2OClxczlLMH11OyIi,MHdHI3IrUzEyJ3o8MWt0cg==,dlw1Rk09UjlZN0xyeEd5,W2w1TFVkRTYhYF8wTVY/,VXxqcHxHXjVbbHAvfmhY
TFVULWJ1Ijk+VEM2RFp3,Xzhxb3JOITEycGx5fTNHMg==,enJ7cTM/VzExZzwjdG5GTg==,PDM3ImBQVzEyJD5DLUNpZQ==,O2s8W0ZNOTlfMCtVd3cj,elhjUDhgOjEwby9yPlRtbw==,NCZpJGs9OjEwSXlQKVsuKg==,Qkg0Kk06WDEweFNDcUEofQ==,Xl0rLT95OjhKN3ZbMmk3,XXByNkhBKjEyJXJEMCxlMg==
LCsuPnQjP0ZvciBtYXplMDguanBnLEhNSjgnew==,NmNtailmTjEwMC9wZkApVGo=
QH5IbldELDNBcH1ScW9m,YmVEKW97RzJLb0E6fFJ4,THJlRT97WDEwYlRsfl06aQ==,MCZuQHZkWjEwVmQic0EhdA==,QGlQZ35FYjEwSlRwfSglPg==,TjdhTzstdDEwcV41KnU2SA==,L2FVK0VhcTYyflRvOStf,Rjx5RVphRTExSjAtJ1YtTw==,VXJAVyVkSzJ4Oj91ZFV0,PjIxMEJQPDZmWHEhYHpR
MUUtd3V0MDVqS3JOVjwo,PihvOmtqYTV7QTZxSzJ2,ekgrTDhOZDNJZXZieC1y,XHFyKURWSDEwbGdccSEmdw==,eENyPGRCQzEwV2B9XjF0QA==,SDJ0UkBGQTYueUM7ZHx2,W31ISnokPjlZJix5Py8k,LmxULzheMzYmTl5cYXdZ,Sk1sXU5WdjEzaE49LWhYMQ==,Y0Zab20wODVaREx1alNg
RnkkQXV1czU0RCVyZ0J4,Q3xGIUpkcTlzMG9AMklo,WmMnOERVTjhubmNIdSNi,fDlrTCMlUzEwOX4pfV9uaQ==,b110N0xGVzE0TkNKKSd+Uw==,RHQ9WCFIUTV7Tj5RVSZD,OzBUQTl0NTMzYzthZnUu,WSk4QTZ4dDh0b3goRFkn,LDxiS2RPfTEweHx2cmBScw==,ITI9bDBRMjRQXHkrJnNc
d3M1R2pMYjVOQmVIdH5L,U2VUYjs0bzNbdTJLKl9i,RjRZUEkxPDZaPSgyIn1r,cWFRIn1TaDN4e3BeZy12,ODhvIUE6WTEwRGsueDd1SQ==,enFVXzJXWjEyaW99I1BLKg==,R11IVT8pXzEzcD1qdUJVTQ==,XnN3diptbzNqOkElbnAu,N3NtaC8wITZlcVR2Q2oi,PHNINF1DaDEzVXw/YDllbg==
cjYuaD4qeDl9YiojQF9E,XEU0IUA4JzEyKCZ1XjIlMg==,OEdCTyU8UTVLWml0P05U,aFFeWl0hczk7NWooQUZg,WSUlfl09QzEwe2B1U2xseA==,QVJgQDdBVzEwJE8kWDk+Lg==,TDA9b2Q3NTEwZjppIUVTLA==,dSNCd1B+WjEyL2FLNGNIJw==,eTddQHNSLTlLSnhpflBh,dXZWNigqWzZFWllNN3Uy
TWcobDw9fTN4fCxHKkgz,WnBTV1lQYDE0ayJaT143Jw==,cHFIJjZNRzk1KVtZfVx+,blhpeH4tUjEwYVRvRDZyaw==,e3clVjthYzEwUkc7SiI1Kw==,MHplVkA4cTEwSzU1UzFOdQ==,KTs8OkprODInTVlXeHNP,YVhYcmcwTDE0YUpdKzA+cA==,dEVQcEknIjNeWCVVRTxg,VXMwNydXTTEySkYpa3NZUA==
ZEdhWnxDPzE2blh9Kl06,U25qZj1SPTZLY184eSte,QCtwR35FSzNwXSNBLTVY,RE1HSXxXdTEwPVU3P0ZiOQ==,LV96VmhVJDJeVTVPLWxT,e05oOU9DYTE0Q0A8VXsobQ==,SFZ+I1JaSjVsNlduVCNX,O3NQbitnfDMqKWI9eSJE,Mk5OXUsvZTEyLHcmc3tGcw==,W1w3QS93YjdQLWQsWztx
RF5FRj1TXDUmZSJjaXAz,JT1gTF9FSzludnc8UF0q,VDdhX3s7JjEyandeLmJbWA==,Y00tYH1ITTdfbWonQytA,MGNZQSxdNTlQd2s9dyVw,ZEJlSFZBJTEwOXpiJCQ7fg==,O3FiRTtwKTEySW5xV0dkMA==,Vnk/ZG5DbDEzKCNyel1zTA==,U0B7Xn4nVjN0ZnIjM1xo,aytmP1omfDRFay9BZi5N
O1hrdFZzfTknMCV+bmhx,XkElKkJzQzZae0h3SXcj,WzBPXU08UzNfTzYhKHIx,QykxZVRKRTRwVVw/OkR5,Z1tKVVpyKzNAXj5wSz4t,J3IvJVpqcTEwLyFHbD0ofQ==,XyRGYUtqfDEwSFZqSztDVw==,PCUzMThGNTZcLmhJSitF,SEVgYiZOQzEzXz8nJU98dQ==,OTEpLVNZUzVLWzpPPTc3
NWl8ISQmKTExdWhMfTYpIw==,Lik5TFJHRzhAJnxhaW06,ZllUS19XJjEyZ0lKREFDMA==,dSZIMUBBMDlxZStTYFJl,NnElYmVCMTEyfT5HUXtpLQ==,Vl9lRk9FZzExZiF4QUp5Ug==,Y3cqNWg2KzEwTTNgO3taKA==,PSZccU5FMzhpJHF0czhF,VnVJSiNkMDEwVnkuIzc0KQ==,RX42XGpBeTEyITwsYE4jJQ==
TTdwR2ZnTUZvciBtYXplMDkuanBnOTkmbzh7SA==,YnRwcnxrTjEwMHllWEEiXHA=
elFObkBOXjMyVD5cLywt,bXkkQjlTczJPYk4vWjQj,W0FJTV9SXzEwQXQ/RSlpPQ==,ZVBuI2d2bzE0c1AoWGMmWQ==,UmheaXxKWjN1c3lEazAk,P3RSYTBjXjEwUyEyN0k9UQ==,fDgoSTF4dDEwXz4nW1FpZQ==,VCRadWRCZjYlOFU5ampQ,fjVmQF5sJTExNVthQD91Kg==,Sy8haVsqQzZAJEI8NFF7
MF0jX2ssSzVYUzloV3Uk,PFxVVDVrKzU1OXttJzhw,J1JhSGpcaDExNF9LXyRgNA==,SXJKe2FqXTEwMCNEXmZTRw==,PllzWURZWDEyX3YsNFYnKw==,aEcnL2hCPjNfJVx3bDp3,SlovNm12aTE0PF5MdDFkVw==,NC4mNm50QzlQWz5IUWZw,PF0qfCtCKzEwQ2dNVW5bdA==,SHFEVyszODRrc3wncW9i
aEU8VmpWMDVFQUI0QUYw,JHFcdVk8NzlAb2tPWS5O,ZCpIQVV2NDZnJndiIkRo,QVFmJFNyJjNfem1JUE0u,NHVXZTYidDEwZ2ByPmg3RA==,QXMyJXhfJDgmXGUtaWsm,PiI9WnxPNDEwQj4oVEYoTA==,J0Yqbjw+ZjEwfVEsWyd3YQ==,cy48WUt5dTEwPCNCJWkuWw==,OWlpWkB9ZjEybk12XSRDLQ==
b15DMHtCOjVwVSxFJVN2,OmJENDtqVjNAXHZ8OyJp,ZHhzR2ddWjRNS0U1cHkv,MzkwN2l5IjlwIk1OTng9,QSRZJ0dfLzY7fUMvVS5e,NXA6bnc7cTMxcCtaK100,Pitpa0spOTJXZy9RejxV,NSUhVExPPzEwS01TNEEnKg==,e2tmSS5NXjEwSzpjOiRULA==,ZnBuQVVrPjE0I2l9RCRHaQ==
MjVDfll4bTVALmUhRmN9,SCUnfGk7dTVvLjooK2E8,ZEZec1NRazU7SEtaeC1Z,fiUsV0cmWDM/PEBEeWxg,YSE5anUtWjEyVUwiPW5xLA==,ZFtMNClZcDVgLVIiUzpE,IUYpUEh7PDEzfCpQeDpNZQ==,YGlRY3FBRzNCWTQzNWtq,S2ZsVFJaLjEwMjgtbydUOg==,eXo2Uy1yfjYtXXs7VStt
WUs7XFUhezUyIU4xdSE9,dF5TODpPOTV5P3ZsSlpj,XjsmNWteIjVLVC1qaFBV,eSosRHlSZzV1dUU2cTw1,bkhHVihHSzd7azl2V0l3,I2FReVFAKTE0KVQ1I25D,elJ6PX5UWjZGbWFrdWlX,eE82YH1qfDUwRUxVb0xS,bEc8W2U0XjNKZk84dyQw,UTU+YS4/TTROOih6fm8k
bU8kITRObDVBP0g+M2d+,Vmh4d2ZkXzVzXipSIS1P,IzRpXkc1bTEzaG1idCh2Ng==,OF5yKjRWWjVpeE4pe1ZD,T0NRVFkmJTlMQXc4WDxO,b1xmaD9tTDEyKllocmdZVg==,WERcRDxgQjUtUj85aiJ8,Z0AvWGJGbDV5bGlcXndt,VGZxOEdFeTUmaHVMeERM,ZnFeNSwwXzV5ImNeU0Bg
VGlnO0dJYzVYVjMqflZK,TSpWdkBtcjl0ZV52WFlu,TGNVL0x8JzZ6YSI/aTxA,cG15P0g5NzlWdD1UdztL,XXl+TnR7KzZwdWxxSUIy,YGQ9RTpPRTNcMlc4SzEq,Xl14MH0uZDEyNUpFUTdHOg==,QkhPZGlrJDVUKkEzVEB6,PEAiYl82LDUsOTpocX1Q,TSpZUHYtSDVWOEQhTyVF
MmYiW0pJPTVTbnYwOUh7,QGRqXSciMTdATUlue0ZT,MFNFKlMtYjlNJXwuRCMn,ekA2RHd+KzZbT2BFeWBb,czo0emo+czVPaVpSfS1z,ZVViMS04YzldQ3BONEtB,PGlvXTVwezEwU1pePkVCJQ==,ZHFNeCV3aTEyIWJvR0UtQw==,UFBvbGsjVTU2Qlg1ckll,SXVwOTw9VTVoTypvNU42
ZF9+TXV8fTlaX2FYSE13,VHBFM2kjeDhfK1o+W3Eh,TlFHQEJMbDE0LW1KUSw7fg==,IiI6WS4iPTl8XWpxbzdi,PVpgb1Y8Wzg/OSpoRG9O,alZuIi1ycTEwSyJzRmwiSg==,fHohZnlPTjEwKD50cixmYw==,T14jdEo7UDEwb1R5dmV0fA==,WndRNCUiPzEyXi4wemZraA==,UTpzSDkxaDEzWlFkPUEveg==
RkhwNXpAaURhdGUgYW5kIFRpbWUgb2YgZXhlY3V0aW9uJ09YOjxPPA==,WkRRUH16IjMwLTEwLTIwMjAgMDE6Mjg6MzM9ZHZreytM
